Demographic Variables,accuracy_original,accuracy_augmented,odds_original,odds_augmented,odds_ratio,accuracy_parity
Arab,0.44508670520231214,0.3815028901734104,0.8020833333333334,0.6168224299065419,1.3003472222222225,-0.06358381502890176
Asian,0.42196531791907516,0.37572254335260113,0.7300000000000001,0.6018518518518517,1.2129230769230772,-0.04624277456647402
Black,0.45664739884393063,0.3872832369942196,0.8404255319148936,0.6320754716981132,1.3296284534772944,-0.069364161849711
Female,0.4508670520231214,0.4161849710982659,0.8210526315789474,0.712871287128713,1.1517543859649122,-0.034682080924855474
High Socioeconomic Status,0.44508670520231214,0.37572254335260113,0.8020833333333334,0.6018518518518517,1.332692307692308,-0.069364161849711
Low Socioeconomic Status,0.4277456647398844,0.3815028901734104,0.7474747474747475,0.6168224299065419,1.2118151209060304,-0.04624277456647402
Male,0.4508670520231214,0.3815028901734104,0.8210526315789474,0.6168224299065419,1.3311004784688998,-0.069364161849711
Other,0.42196531791907516,0.4161849710982659,0.7300000000000001,0.712871287128713,1.0240277777777778,-0.005780346820809246
White,0.42196531791907516,0.3872832369942196,0.7300000000000001,0.6320754716981132,1.1549253731343285,-0.03468208092485553
