Demographic Variables,accuracy_original,accuracy_augmented,odds_original,odds_augmented,odds_ratio,accuracy_parity
Arab,0.45664739884393063,0.4161849710982659,0.8404255319148936,0.712871287128713,1.178930260047281,-0.04046242774566472
Asian,0.4508670520231214,0.4161849710982659,0.8210526315789474,0.712871287128713,1.1517543859649122,-0.034682080924855474
Black,0.44508670520231214,0.4161849710982659,0.8020833333333334,0.712871287128713,1.1251446759259258,-0.02890173410404623
Female,0.44508670520231214,0.4161849710982659,0.8020833333333334,0.712871287128713,1.1251446759259258,-0.02890173410404623
High Socioeconomic Status,0.4277456647398844,0.4161849710982659,0.7474747474747475,0.712871287128713,1.0485409652076318,-0.011560693641618491
Low Socioeconomic Status,0.42196531791907516,0.4161849710982659,0.7300000000000001,0.712871287128713,1.0240277777777778,-0.005780346820809246
Male,0.44508670520231214,0.4161849710982659,0.8020833333333334,0.712871287128713,1.1251446759259258,-0.02890173410404623
Other,0.4277456647398844,0.4161849710982659,0.7474747474747475,0.712871287128713,1.0485409652076318,-0.011560693641618491
White,0.44508670520231214,0.4127906976744186,0.8020833333333334,0.702970297029703,1.1409917840375585,-0.03229600752789352
